Description,ReturnValue
"PAPER CRAFT , LITTLE BIRDIE",-168469.6
AMAZON FEE,-146952.08
Manual,-75737.39
POSTAGE,-9292.57
FELTCRAFT DOLL MOLLY,-3509.6999999999994
REGENCY CAKESTAND 3 TIER,-3430.7999999999997
Discount,-3371.04
PINK BLUE FELT CRAFT TRINKET BOX,-2747.52
CRUK Commission,-2420.4300000000003
ROUND SNACK BOXES SET OF 4 FRUITS,-1670.8499999999997
JUMBO BAG RED RETROSPOT,-1542.12
DOORMAT KEEP CALM AND COME IN,-1482.0
Bank Charges,-1384.77
VINTAGE RED KITCHEN CABINET,-1185.5
FELTCRAFT 6 FLOWER FRIENDS,-1128.9
FELTCRAFT BUTTERFLY HEARTS,-1050.0
FELTCRAFT CUSHION OWL,-1006.32
RED FLORAL FELTCRAFT SHOULDER BAG,-976.32
PAPER CHAIN KIT 50'S CHRISTMAS,-836.65
FELTCRAFT CUSHION RABBIT,-817.35
JUMBO BAG APPLES,-799.35
SET 7 BABUSHKA NESTING BOXES,-759.9000000000001
PAPER CHAIN KIT VINTAGE CHRISTMAS,-715.25
CHILDS BREAKFAST SET DOLLY GIRL,-687.25
3 HOOK PHOTO SHELF ANTIQUE WHITE,-674.9
SET/4 WHITE RETRO STORAGE CUBES,-669.0500000000001
FELTCRAFT CUSHION BUTTERFLY,-658.38
JUMBO BAG VINTAGE DOILY,-647.6800000000001
OFFICE MUG WARMER PINK,-637.5
JUMBO BAG ALPHABET,-636.02
JUMBO BAG PINK POLKADOT,-619.99
JAM MAKING SET WITH JARS,-552.75
LUNCH BAG RED RETROSPOT,-550.95
REVOLVER WOODEN RULER,-508.04999999999995
GIRAFFE WOODEN RULER,-502.5
JUMBO  BAG BAROQUE BLACK WHITE,-485.27000000000004
RED RETROSPOT PEG BAG,-462.90000000000003
JUMBO BAG VINTAGE CHRISTMAS,-462.0
RED RETROSPOT CAKE STAND,-458.84999999999997
SET OF 6 NATIVITY MAGNETS,-444.0
BLUE CHARLIE+LOLA PERSONAL DOORSIGN,-442.5
JUMBO BAG STRAWBERRY,-436.57
BASKET OF TOADSTOOLS,-432.48
JUMBO SHOPPER VINTAGE RED PAISLEY,-426.46000000000004
CHRISTMAS LIGHTS 10 SANTAS,-425.85
JUMBO BAG WOODLAND ANIMALS,-420.77000000000004
JUMBO BAG VINTAGE LEAF,-419.58000000000004
36 DOILIES VINTAGE CHRISTMAS,-412.2
JUMBO STORAGE BAG SUKI,-411.11
PARTY BUNTING,-408.0
CARD HOLDER GINGHAM HEART,-406.09000000000003
SCOTTIE DOG HOT WATER BOTTLE,-403.0
JUMBO BAG SCANDINAVIAN BLUE PAISLEY,-402.03
VINTAGE BLUE KITCHEN CABINET,-375.0
SET OF 3 CAKE TINS PANTRY DESIGN,-373.55
OCEAN SCENT CANDLE IN JEWELLED BOX,-367.74
VICTORIAN SEWING BOX LARGE,-361.2
CHILLI LIGHTS,-349.7
DOORMAT MERRY CHRISTMAS RED,-337.5
WOOD 2 DRAWER CABINET WHITE FINISH,-332.2
SET OF TEA COFFEE SUGAR TINS PANTRY,-327.75
PICNIC BASKET WICKER SMALL,-326.75
VICTORIAN SEWING KIT,-321.6
ROTATING SILVER ANGELS T-LIGHT HLDR,-319.05
ADVENT CALENDAR GINGHAM SACK,-314.95000000000005
JUMBO BAG 50'S CHRISTMAS,-303.8
VINTAGE DOILY DELUXE SEWING KIT,-303.45
GREEN REGENCY TEACUP AND SAUCER,-298.65
REGENCY TEAPOT ROSES,-297.0
PINK REGENCY TEACUP AND SAUCER,-296.05
TWO DOOR CURIO CABINET,-295.5
WOODEN PICTURE FRAME WHITE FINISH,-293.40000000000003
HANGING FAIRY CAKE DECORATION,-288.99
SET/2 RED RETROSPOT TEA TOWELS,-275.0
FRYING PAN UNION FLAG,-274.25
REGENCY SUGAR BOWL GREEN,-271.3
STRAWBERRY CERAMIC TRINKET BOX,-271.04
ROCOCO WALL MIRROR WHITE,-270.3
BREAD BIN DINER STYLE IVORY,-270.15
3 TIER CAKE TIN RED AND CREAM,-268.2
JAM MAKING SET PRINTED,-267.55
ROSES REGENCY TEACUP AND SAUCER,-267.1
SPOTTY BUNTING,-262.46000000000004
BOX OF 6 MINI VINTAGE CRACKERS,-259.44
ALARM CLOCK BAKELIKE RED,-240.0
JUMBO BAG PEARS,-239.76000000000002
PACK OF SIX LED TEA LIGHTS,-239.04000000000002
LOVE SEAT ANTIQUE WHITE METAL,-237.5
RECIPE BOX PANTRY YELLOW DESIGN,-235.95000000000002
GUMBALL MAGAZINE RACK,-230.85
3 DRAWER ANTIQUE WHITE WOOD CABINET,-229.40000000000003
TEA TIME PARTY BUNTING,-226.85
SET OF 10 LED DOLLY LIGHTS,-226.43
RED RETROSPOT OVEN GLOVE,-224.5
JUMBO BAG PAISLEY PARK,-222.68
CERAMIC CAKE STAND + HANGING CAKES,-222.6
PHOTO FRAME 3 CLASSIC HANGING,-221.4
VINTAGE DOILY JUMBO BAG RED,-220.6
SAMPLES,-215.99
WORLD WAR 2 GLIDERS ASSTD DESIGNS,-215.51999999999998
WHITE HANGING HEART T-LIGHT HOLDER,-214.3
REGENCY MILK JUG PINK,-210.25
PAPERWEIGHT SAVE THE PLANET,-210.0
JUMBO BAG PINK VINTAGE PAISLEY,-206.53
EDWARDIAN PARASOL NATURAL,-202.29999999999998
JUMBO BAG SPACEBOY DESIGN,-200.57999999999998
PANTRY ROLLING PIN,-197.61
SET OF 3 REGENCY CAKE TINS,-196.70000000000002
PICNIC BASKET WICKER LARGE,-194.25
LUNCH BAG SPACEBOY DESIGN,-192.85
SWEETHEART CAKESTAND 3 TIER,-191.75
BOTANICAL GARDENS WALL CLOCK,-191.6
RIBBON REEL SNOWY VILLAGE,-190.5
BREAD BIN DINER STYLE RED,-189.39999999999998
RED RETROSPOT PUDDING BOWL,-187.5
CHRISTMAS LIGHTS 10 REINDEER,-187.0
CREAM SWEETHEART MINI CHEST,-185.7
METAL 4 HOOK HANGER FRENCH CHATEAU,-185.53
WOODEN FRAME ANTIQUE WHITE,-184.64999999999998
LUNCH BAG PINK POLKADOT,-183.39999999999998
LUNCH BAG SUKI DESIGN,-181.1
VANILLA SCENT CANDLE JEWELLED BOX,-180.0
ROSE 1 WICK MORRIS BOXED CANDLE,-180.0
RED RETROSPOT TRADITIONAL TEAPOT,-177.85
PAPER BUNTING WHITE LACE,-176.60000000000002
HAND WARMER OWL DESIGN,-176.4
CHALKBOARD KITCHEN ORGANISER,-175.6
FAMILY ALBUM WHITE PICTURE FRAME,-172.55
CLASSIC GLASS COOKIE JAR,-170.3
CUPBOARD 3 DRAWER MA CAMPAGNE,-170.15
WOODEN ADVENT CALENDAR CREAM,-169.95
DOORMAT AIRMAIL,-169.92000000000002
SET 6 PAPER TABLE LANTERN STARS,-169.17000000000002
FAMILY PHOTO FRAME CORNICE,-167.7
T-LIGHT GLASS FLUTED ANTIQUE,-164.0
LUNCH BOX I LOVE LONDON,-160.05
SET OF 20 VINTAGE CHRISTMAS NAPKINS,-159.49
REGENCY TEA PLATE ROSES,-159.0
COFFEE MUG APPLES DESIGN,-156.75
PLACE SETTING WHITE HEART,-155.93999999999997
RETROSPOT TEA SET CERAMIC 11 PC,-155.70000000000002
HAND WARMER BABUSHKA DESIGN,-155.15
SET OF 72 RETROSPOT PAPER  DOILIES,-154.8
BLUE  DIAMANTE PEN IN GIFT BOX,-153.0
S/15 SILVER GLASS BAUBLES IN BAG,-152.64000000000001
GUMBALL COAT RACK,-152.4
CHILDS BREAKFAST SET SPACEBOY,-151.95
BREAD BIN DINER STYLE MINT,-151.5
RABBIT NIGHT LIGHT,-150.16
CINDERELLA CHANDELIER,-149.85000000000002
DOORMAT RED RETROSPOT,-146.25
PARISIENNE SEWING BOX,-145.7
VICTORIAN GLASS HANGING T-LIGHT,-145.68
SILVER HANGING T-LIGHT HOLDER,-142.45
HEART WOODEN CHRISTMAS DECORATION,-138.24
ANTIQUE SILVER T-LIGHT GLASS,-137.11
CHILDS BREAKFAST SET CIRCUS PARADE,-136.0
CHEST OF DRAWERS GINGHAM HEART,-135.6
RED DINER WALL CLOCK,-134.3
MA CAMPAGNE CUTLERY BOX,-134.1
SET/5 RED RETROSPOT LID GLASS BOWLS,-133.70000000000002
NATURAL SLATE CHALKBOARD LARGE,-130.85
CHRISTMAS METAL TAGS ASSORTED,-129.18
RECIPE BOX RETROSPOT,-128.75
ENAMEL BREAD BIN CREAM,-127.5
CARDHOLDER GINGHAM CHRISTMAS TREE,-127.49999999999999
PARISIENNE KEY CABINET,-126.5
BLUE DINER WALL CLOCK,-125.80000000000001
SET OF 4 JAM JAR MAGNETS,-124.80000000000001
RED STAR CARD HOLDER,-124.35
ALARM CLOCK BAKELIKE PINK,-123.75
PAPER BUNTING RETROSPOT,-122.65
HEART OF WICKER LARGE,-122.10000000000001
PAPER CHAIN KIT RETROSPOT,-120.95
PAPER CHAIN KIT EMPIRE,-120.95
RETROSPOT PARTY BAG + STICKER SET,-120.44999999999999
12 PENCILS SMALL TUBE SKULL,-119.60000000000001
WHITE SPOT BLUE CERAMIC DRAWER KNOB,-119.5
BOX OF VINTAGE ALPHABET BLOCKS,-119.49999999999999
BISCUIT TIN 50'S CHRISTMAS,-118.54000000000002
BAKING SET 9 PIECE RETROSPOT,-118.05000000000001
PLEASE ONE PERSON METAL SIGN,-117.70000000000002
15CM CHRISTMAS GLASS BALL 20 LIGHTS,-116.25
BROCADE RING PURSE,-115.2
BOX OF 6 MINI 50'S CRACKERS,-114.81
SMALL GLASS HEART TRINKET POT,-114.7
REGENCY SUGAR TONGS,-114.4
60 CAKE CASES VINTAGE CHRISTMAS,-114.0
STRAWBERRY FAIRY CAKE TEAPOT,-113.85
PARISIENNE CURIO CABINET,-112.5
HOMEMADE JAM SCENTED CANDLES,-111.85
POPCORN HOLDER,-111.64
SET/3 RED GINGHAM ROSE STORAGE BOX,-111.36
ROUND CAKE TIN VINTAGE RED,-110.30000000000001
DELUXE SEWING KIT,-110.05000000000001
TRIPLE PHOTO FRAME CORNICE,-109.44999999999999
ROUND SNACK BOXES SET OF4 WOODLAND,-109.15000000000002
LUNCH BAG WOODLAND,-108.7
WICKER STAR,-107.1
GLASS JAR ENGLISH CONFECTIONERY,-106.8
COLOURED GLASS STAR T-LIGHT HOLDER,-106.65
REGENCY TEA PLATE PINK,-106.44999999999999
BATHROOM METAL SIGN,-105.0
RED 3 PIECE RETROSPOT CUTLERY SET,-105.0
36 PENCILS TUBE RED RETROSPOT,-105.0
LUNCH BAG  BLACK SKULL.,-104.60000000000001
PARTY CONE CHRISTMAS DECORATION,-104.52999999999999
RED SPOTTY BISCUIT TIN,-104.25
PANTRY SCRUBBING BRUSH,-104.24999999999999
SET OF 10 LANTERNS FAIRY LIGHT STAR,-103.75000000000001
CHRISTMAS GINGHAM STAR,-103.67999999999999
CHRISTMAS GINGHAM HEART,-103.67999999999999
WOOD S/3 CABINET ANT WHITE FINISH,-103.6
PAPER BUNTING COLOURED LACE,-102.0
GLASS JAR DIGESTIVE BISCUITS,-100.5
REGENCY TEA PLATE GREEN,-100.05
SET OF 5 LUCKY CAT MAGNETS,-99.84
PAPER LANTERN 9 POINT SNOW STAR,-99.60000000000001
SET OF 4 KNICK KNACK TINS DOILY,-99.60000000000001
IVORY REFECTORY CLOCK,-97.80000000000001
ALARM CLOCK BAKELIKE CHOCOLATE,-97.5
CHOCOLATE HOT WATER BOTTLE,-96.96000000000001
PLASTERS IN TIN SKULLS,-95.69999999999999
HOT WATER BOTTLE KEEP CALM,-94.05000000000001
SET3 BOOK BOX GREEN GINGHAM FLOWER,-93.75
PINK 3 PIECE POLKADOT CUTLERY SET,-93.75
BREAD BIN DINER STYLE PINK,-93.7
PANTRY WASHING UP BRUSH,-92.9
SMALL RED RETROSPOT MUG IN BOX,-90.0
ANTIQUE SILVER BAUBLE LAMP,-89.30000000000001
FULL ENGLISH BREAKFAST PLATE,-88.86
FAWN BLUE HOT WATER BOTTLE,-88.8
CHRISTMAS LIGHTS 10 VINTAGE BAUBLES,-88.4
PAPER POCKET TRAVELING FAN,-88.13000000000001
VINTAGE RED TRIM ENAMEL BOWL,-88.05000000000001
JUMBO BAG OWLS,-87.43
SET OF 6 SPICE TINS PANTRY DESIGN,-86.4
ALARM CLOCK BAKELIKE GREEN,-86.25
SWEETHEART CERAMIC TRINKET BOX,-86.2
GARDENERS KNEELING PAD KEEP CALM,-86.1
IVORY DINER WALL CLOCK,-85.0
RUSTIC  SEVENTEEN DRAWER SIDEBOARD,-85.0
HAND WARMER BIRD DESIGN,-84.00000000000001
SET OF 3 BUTTERFLY COOKIE CUTTERS,-83.75
PHOTO FRAME CORNICE,-82.60000000000001
RETRO PLASTIC ELEPHANT TRAY,-81.6
RED  HARMONICA IN BOX,-81.25
SET OF 3 BLACK FLYING DUCKS,-81.0
WOODEN OWLS LIGHT GARLAND,-80.75
BISCUIT TIN VINTAGE RED,-80.2
ROSE COTTAGE KEEPSAKE BOX,-79.6
SET OF 6 KASHMIR FOLKART BAUBLES,-79.19999999999999
LUNCH BAG CARS BLUE,-78.8
ALARM CLOCK BAKELIKE IVORY,-78.75
RETROSPOT LARGE MILK JUG,-78.5
ALARM CLOCK BAKELIKE ORANGE,-78.39
MINI CAKE STAND WITH HANGING CAKES,-78.05
IVORY GIANT GARDEN THERMOMETER,-77.35
ZINC TOP  2 DOOR WOODEN SHELF,-76.75
ORGANISER WOOD ANTIQUE WHITE,-76.5
IF YOU CAN'T STAND THE HEAT MUG,-76.32000000000001
DOLLY GIRL LUNCH BOX,-76.04999999999998
HANGING BAUBLE T-LIGHT HOLDER SMALL,-75.60000000000001
DOUGHNUT LIP GLOSS,-75.0
HEART WREATH DECORATION WITH BELL,-75.0
RED RETROSPOT PICNIC BAG,-74.9
MINT KITCHEN SCALES,-74.8
3 TIER CAKE TIN GREEN AND CREAM,-74.75
COTTON APRON PANTRY DESIGN,-74.25
PICNIC BOXES SET OF 3 RETROSPOT,-74.25
RED METAL BOX TOP SECRET,-74.25
LUNCH BAG ALPHABET DESIGN,-74.25
"BLACK TEA,COFFEE,SUGAR JARS",-74.1
CHRISTMAS HANGING STAR WITH BELL,-73.75
SPACEBOY LUNCH BOX,-73.2
BAKING SET SPACEBOY DESIGN,-72.85000000000001
TOADSTOOL BEDSIDE LIGHT,-71.6
BLUE SPOT CERAMIC DRAWER KNOB,-71.55
SET 2 TEA TOWELS I LOVE LONDON,-71.2
GLASS JAR PEACOCK BATH SALTS,-70.80000000000001
CHILDRENS CUTLERY SPACEBOY,-70.55000000000001
COLOUR GLASS. STAR T-LIGHT HOLDER,-70.43
CUPCAKE LACE PAPER SET 6,-70.19999999999999
LANTERN CREAM GAZEBO,-69.30000000000001
WOODEN CROQUET GARDEN SET,-69.3
RED SPOT CERAMIC DRAWER KNOB,-69.16
TRIPLE HOOK ANTIQUE IVORY ROSE,-69.09
JIGSAW TREE WITH BIRDHOUSE,-68.9
RED WOOLLY HOTTIE WHITE HEART.,-68.25
MINI LIGHTS WOODLAND MUSHROOMS,-68.1
SWEETHEART WIRE WALL TIDY,-68.0
TEA FOR ONE POLKADOT,-68.0
PIGGY BANK RETROSPOT,-67.94999999999999
DOORMAT TOPIARY,-67.5
COSY HOUR CIGAR BOX MATCHES,-67.5
JAM JAR WITH GREEN LID,-67.32
SET OF 4 KNICK KNACK TINS POPPIES,-66.4
RIBBON REEL CHRISTMAS PRESENT,-66.0
WHITE SKULL HOT WATER BOTTLE,-65.27000000000001
TRADITIONAL KNITTING NANCY,-64.75
IVORY KITCHEN SCALES,-64.6
FELTCRAFT GIRL NICOLE KIT,-64.35000000000001
WHITE WOOD GARDEN PLANT LADDER,-63.849999999999994
WHEELBARROW FOR CHILDREN,-63.75
BOX OF 6 CHRISTMAS CAKE DECORATIONS,-63.75
PLASMATRONIC LAMP,-63.75
STORAGE TIN VINTAGE DOILY,-63.580000000000005
BLACK CANDELABRA T-LIGHT HOLDER,-63.00000000000001
WOODEN BOX ADVENT CALENDAR,-62.64999999999999
STRAWBERRY BATH SPONGE,-62.5
SET OF SALT AND PEPPER TOADSTOOLS,-62.5
SOLDIERS EGG CUP,-62.5
GLASS  SONGBIRD STORAGE JAR,-62.5
ANTIQUE HEART SHELF UNIT,-62.4
LARGE CIRCULAR MIRROR MOBILE,-62.25
CERAMIC CAKE BOWL + HANGING CAKES,-62.0
RED RETROSPOT CHARLOTTE BAG,-61.989999999999995
TEA PARTY BIRTHDAY CARD,-61.919999999999995
"RECORD FRAME 7"" SINGLE SIZE",-61.199999999999996
BAKING MOULD TOFFEE CUP CHOCOLATE,-61.199999999999996
VINTAGE SNAP CARDS,-61.199999999999996
HEART OF WICKER SMALL,-60.85
HANGING RIDGE GLASS T-LIGHT HOLDER,-60.84
RETROSPOT CHILDRENS APRON,-60.449999999999996
PARISIENNE JEWELLERY DRAWER,-60.0
SET OF 3 HANGING OWLS OLLIE BEAK,-60.0
SET OF 4 SANTA PLACE SETTINGS,-60.0
GREY HEART HOT WATER BOTTLE,-60.0
WHITE METAL LANTERN,-60.0
DECORATIVE HANGING SHELVING UNIT,-59.95
SILVER ROCCOCO CHANDELIER,-59.9
WOODLAND CHARLOTTE BAG,-59.849999999999994
ASSORTED COLOURS SILK FAN,-59.76
RETROSPOT LAMP,-59.699999999999996
RED RETROSPOT ROUND CAKE TINS,-59.699999999999996
LIGHT GARLAND BUTTERFILES PINK,-59.5
FELTCRAFT GIRL AMELIE KIT,-59.400000000000006
RED GINGHAM ROSE JEWELLERY BOX,-58.5
CORDIAL GLASS JUG,-57.75
BROCANTE COAT RACK,-56.8
PACK OF 72 RETROSPOT CAKE CASES,-56.650000000000006
LUNCH BAG APPLE DESIGN,-56.1
5 HOOK HANGER MAGIC TOADSTOOL,-56.099999999999994
BLUE STRIPE CERAMIC DRAWER KNOB,-55.959999999999994
RED KITCHEN SCALES,-55.25
MINI PAINT SET VINTAGE,-55.25
3 ROSE MORRIS BOXED CANDLES,-54.75
RED RETROSPOT BUTTER DISH,-54.5
3 HEARTS HANGING DECORATION RUSTIC,-54.05
BLACK CHERRY LIGHTS,-54.0
PINK CHERRY LIGHTS,-54.0
CHILDRENS CUTLERY DOLLY GIRL,-53.95
LARGE CAKE STAND  HANGING STRAWBERY,-53.9
TOOL BOX SOFT TOY,-53.699999999999996
HOME BUILDING BLOCK WORD,-53.65
GREEN GIANT GARDEN THERMOMETER,-53.550000000000004
SET OF 6 T-LIGHTS EASTER CHICKS,-53.1
DANISH ROSE DECORATIVE PLATE,-52.50000000000001
HAND WARMER UNION JACK,-52.50000000000001
PARTY CONES CANDY ASSORTED,-52.5
SET OF 36 PAISLEY FLOWER DOILIES,-52.199999999999996
"WHITE TEA,COFFEE,SUGAR JARS",-51.44
SET OF 4 PANTRY JELLY MOULDS,-51.25
CURIOUS  IMAGES NOTEBOOK SET,-51.0
CAKE STAND 3 TIER MAGIC GARDEN,-51.0
LOVE LARGE WOOD LETTERS,-51.0
DOLLY GIRL BABY GIFT SET,-50.849999999999994
VINTAGE CHRISTMAS TABLECLOTH,-50.0
CARRIAGE,-50.0
T-LIGHT HOLDER HANGING LACE,-50.0
SPACEBOY ROCKET LOLLY MAKERS,-49.92
SET OF 5 PANCAKE DAY MAGNETS,-49.92
TRIPLE WIRE HOOK IVORY HEART,-49.800000000000004
SET OF 2 TRAYS HOME SWEET HOME,-49.75
CAKE STAND LOVEBIRD 2 TIER WHITE,-49.75
HANGING METAL HEART LANTERN,-49.49999999999999
WOODEN ADVENT CALENDAR RED,-49.07
SET OF 3 BABUSHKA STACKING TINS,-48.800000000000004
RED RETROSPOT CHILDRENS UMBRELLA,-48.75
JAM JAR WITH PINK LID,-48.32
MAGIC DRAWING SLATE PURDEY,-47.81999999999999
ASSORTED COLOUR MINI CASES,-47.7
MIRRORED DISCO BALL,-47.6
CREAM SWEETHEART MAGAZINE RACK,-46.849999999999994
KNITTED UNION FLAG HOT WATER BOTTLE,-46.75
DAIRY MAID TRADITIONAL TEAPOT,-46.65
CARD HOLDER LOVE BIRD LARGE,-46.56
CIRCUS PARADE CHILDRENS EGG CUP,-46.25
PIZZA PLATE IN BOX,-46.25
HOME SWEET HOME MUG,-46.099999999999994
PARLOUR CERAMIC WALL HOOK,-45.65
SET OF 3 HEART COOKIE CUTTERS,-45.0
FAIRY CAKE BIRTHDAY CANDLE SET,-45.0
CIRCUS PARADE LUNCH BOX,-44.849999999999994
VINTAGE UNION JACK CUSHION COVER,-44.550000000000004
SMALL WHITE HEART OF WICKER,-44.55
JINGLE BELL HEART DECORATION,-44.55
10 COLOUR SPACEBOY PEN,-44.2
RED TOADSTOOL LED NIGHT LIGHT,-44.14999999999999
60 TEATIME FAIRY CAKE CASES,-44.0
CHEST 7 DRAWER MA CAMPAGNE,-43.9
ZINC METAL HEART DECORATION,-43.75
WHITE SPOT RED CERAMIC DRAWER KNOB,-43.599999999999994
WOOD BLACK BOARD ANT WHITE FINISH,-43.5
GLASS CLOCHE SMALL,-43.480000000000004
BLUE POLKADOT COFFEE MUG,-43.29
STRAWBERRY CHARLOTTE BAG,-42.959999999999994
CHILDRENS APRON SPACEBOY DESIGN,-42.9
CABIN BAG VINTAGE RETROSPOT,-42.7
HEART FILIGREE DOVE  SMALL,-42.5
MINI WOODEN HAPPY BIRTHDAY GARLAND,-42.25
WRAP 50'S  CHRISTMAS,-42.0
UNION JACK FLAG PASSPORT COVER,-42.0
PACK OF 60 PINK PAISLEY CAKE CASES,-41.800000000000004
POLKADOT COFFEE CUP & SAUCER PINK,-41.730000000000004
WALL ART STOP FOR TEA,-41.650000000000006
6 ROCKET BALLOONS,-41.6
TREASURE TIN BUFFALO BILL,-41.6
HEART DECORATION WITH PEARLS,-41.519999999999996
CHICK GREY HOT WATER BOTTLE,-41.400000000000006
ANTIQUE GLASS DRESSING TABLE POT,-41.300000000000004
LARGE WHITE HEART OF WICKER,-41.300000000000004
PLASTERS IN TIN SPACEBOY,-41.25
RED RETROSPOT TEA CUP AND SAUCER,-41.25
CHARLIE LOLA BLUE HOT WATER BOTTLE,-40.949999999999996
FELTCRAFT HAIRBAND PINK AND BLUE,-40.8
RED RETROSPOT SMALL MILK JUG,-40.8
BOX OF VINTAGE JIGSAW BLOCKS,-40.650000000000006
RED STRIPE CERAMIC DRAWER KNOB,-40.29
TRADITIONAL WOODEN SKIPPING ROPE,-40.0
MEDINA STAMPED METAL STOOL,-39.95
DANISH ROSE BEDSIDE CABINET,-39.95
RECIPE BOX WITH METAL HEART,-39.75
ROUND CAKE TIN VINTAGE GREEN,-39.75
MOBILE VINTAGE HEARTS,-39.6
CHILDREN'S SPACEBOY MUG,-39.599999999999994
ASSORTED TUTTI FRUTTI ROUND BOX,-39.599999999999994
PLASTERS IN TIN WOODLAND ANIMALS,-39.599999999999994
BUTTON BOX,-39.0
CHARLIE+LOLA RED HOT WATER BOTTLE,-39.0
SET 2 PANTRY DESIGN TEA TOWELS,-39.0
GLASS  BEURRE DISH,-38.97
ZINC FOLKART SLEIGH BELLS,-38.36
ROUND SNACK BOXES SET OF 4 SKULLS,-38.35
MULTI COLOUR SILVER T-LIGHT HOLDER,-38.25
LARGE CERAMIC TOP STORAGE JAR,-37.949999999999996
SKULLS PARTY BAG + STICKER SET,-37.949999999999996
FAIRY CAKE FLANNEL ASSORTED COLOUR,-37.800000000000004
MARIE ANTOINETTE TRINKET BOX GOLD,-37.5
CHERRY BLOSSOM  DECORATIVE FLASK,-37.5
SILVER ROCOCO CANDLE STICK,-37.25
ANTIQUE GLASS PEDESTAL BOWL,-37.14
NOVELTY BISCUITS CAKE STAND 3 TIER,-36.9
VINTAGE RED ENAMEL TRIM PLATE,-36.56
CHARLOTTE BAG PINK POLKADOT,-36.55
PACK OF 20 NAPKINS PANTRY DESIGN,-36.55
COOK WITH WINE METAL SIGN,-36.53
PLASTERS IN TIN CIRCUS PARADE,-36.3
EMERGENCY FIRST AID TIN,-36.25
SET OF 4 KNICK KNACK TINS LEAF,-36.150000000000006
CLOTHES PEGS RETROSPOT PACK 24,-36.13999999999999
LUNCH BAG VINTAGE DOILY,-36.1
3 TIER SWEETHEART GARDEN SHELF,-35.95
PINK METAL CHICKEN HEART,-35.76
BLACK/BLUE POLKADOT UMBRELLA,-35.7
TEA TIME KITCHEN APRON,-35.7
VINTAGE NOTEBOOK PARIS DAYS,-35.400000000000006
PACK OF 12 CHRISTMAS FUN CARDS,-35.400000000000006
NATURAL SLATE HEART CHALKBOARD,-35.400000000000006
SMALL SILVER TRELLIS CANDLEPOT,-35.400000000000006
I LOVE LONDON BEAKER,-35.0
PAINTED METAL STAR WITH HOLLY BELLS,-34.8
HANGING CHICK CREAM DECORATION,-34.8
SET OF 6 RIBBONS VINTAGE CHRISTMAS,-34.68
SET OF 60 PANTRY DESIGN CAKE CASES,-34.650000000000006
FELTCRAFT BOY JEAN-PAUL KIT,-34.650000000000006
MULTICOLOUR  CONFETTI IN TUBE,-34.65
CREAM CUPID HEARTS COAT HANGER,-34.3
VINTAGE CREAM DOG FOOD CONTAINER,-34.0
RETROSPOT WOODEN HEART DECORATION,-34.0
SPACEBOY BABY GIFT SET,-33.9
BINGO SET,-33.75
CHILDRENS CUTLERY POLKADOT GREEN,-33.75
SET 10 LIGHTS NIGHT OWL,-33.75
BLUE TILED TRAY,-33.75
TRAVEL CARD WALLET KEEP CALM,-33.6
JIGSAW RABBIT AND BIRDHOUSE,-33.589999999999996
SET 3 PAPER VINTAGE CHICK PAPER EGG,-33.55
SAVOY ART DECO CLOCK,-33.4
FRENCH CARRIAGE LANTERN,-33.25
CHILDRENS CUTLERY CIRCUS PARADE,-33.2
GLASS CLOCHE LARGE,-33.15
LUNCH BOX WITH CUTLERY RETROSPOT,-33.15
VINTAGE UNION JACK PENNANT,-33.15
KINGS CHOICE GIANT TUBE MATCHES,-33.15
RIBBON REEL HEARTS DESIGN,-33.0
RED HANGING HEART T-LIGHT HOLDER,-33.0
DOORMAT UNION FLAG,-33.0
SMALL POPCORN HOLDER,-32.89
GIN + TONIC DIET METAL SIGN,-32.449999999999996
DOORMAT SPOTTY HOME SWEET HOME,-32.4
KNICKERBOCKERGLORY MAGNET ASSORTED,-32.37
BLUE NEW BAROQUE CANDLESTICK CANDLE,-32.3
HANGING METAL STAR LANTERN,-32.25
LARGE POPCORN HOLDER,-32.199999999999996
JIGSAW TOADSTOOLS 3 PIECE,-32.08
WOODEN SKITTLES GARDEN SET,-31.9
RED RETROSPOT MINI CASES,-31.8
VINTAGE CREAM CAT FOOD CONTAINER,-31.749999999999996
GLASS APOTHECARY BOTTLE ELIXIR,-31.6
FELTCRAFT CHRISTMAS FAIRY,-31.5
CHILDREN'S CIRCUS PARADE MUG,-31.349999999999998
MILK MAIDS MUG,-31.349999999999994
NATURAL SLATE RECTANGLE CHALKBOARD,-31.349999999999994
MEDIUM CERAMIC TOP STORAGE JAR,-31.25
ASSORTED TUTTI FRUTTI HEART BOX,-31.25
HANGING HEART JAR T-LIGHT HOLDER,-31.17
GOLD MUG BONE CHINA TREE OF LIFE,-31.06
CHILDRENS TOY COOKING UTENSIL SET,-30.62
PINK FOXGLOVE ARTIIFCIAL FLOWER,-30.599999999999998
RED RETROSPOT SHOPPING BAG,-30.599999999999998
TEA TIME DES TEA COSY,-30.599999999999998
BIG DOUGHNUT FRIDGE MAGNETS,-30.599999999999998
WOODEN STAR CHRISTMAS SCANDINAVIAN,-30.599999999999998
COLOUR GLASS T-LIGHT HOLDER HANGING,-30.55
PACK OF 6 SMALL FRUIT STRAWS,-30.240000000000002
ICE CREAM SUNDAE LIP GLOSS,-30.0
BLUE HARMONICA IN BOX,-30.0
SET/10 BLUE POLKADOT PARTY CANDLES,-30.0
SET/10 PINK POLKADOT PARTY CANDLES,-30.0
WOODEN BOX OF DOMINOES,-30.0
ICE CREAM PEN LIP GLOSS,-30.0
PACK OF 6 BIRDY GIFT TAGS,-30.0
PANTRY PASTRY BRUSH,-30.0
SET/10 RED POLKADOT PARTY CANDLES,-30.0
SET/10 IVORY POLKADOT PARTY CANDLES,-30.0
FOOD COVER WITH BEADS SET 2,-30.0
MIDNIGHT BLUE VINTAGE EARRINGS,-30.0
FOLKART STAR CHRISTMAS DECORATIONS,-30.0
JUNGLE POPSICLES ICE LOLLY MOULDS,-30.0
MIRROR CORNICE,-29.9
DOLLY CABINET 3 DRAWERS,-29.9
SWEETHEART 3 TIER CAKE STAND,-29.849999999999998
TRAVEL CARD WALLET SKULLS,-29.82
ENAMEL FLOWER JUG CREAM,-29.75
ENAMEL MEASURING JUG CREAM,-29.75
RETROSPOT HEART HOT WATER BOTTLE,-29.700000000000003
GARLAND WITH STARS AND BELLS,-29.700000000000003
GARLAND WITH HEARTS AND BELLS,-29.700000000000003
GOLDIE LOOKING MIRROR,-29.700000000000003
HOME SWEET HOME BLACKBOARD,-29.700000000000003
OPEN CLOSED METAL SIGN,-29.700000000000003
LARGE CAKE STAND HANGING HEARTS,-29.7
PINK BABY BUNTING,-29.5
GLASS JAR DAISY FRESH COTTON WOOL,-29.5
CHOCOLATE THIS WAY METAL SIGN,-29.400000000000002
FOUR HOOK  WHITE LOVEBIRDS,-29.400000000000002
CHARLOTTE BAG SUKI DESIGN,-29.36
EASTER CRAFT 4 CHICKS,-29.25
RED RETROSPOT MUG,-29.1
ZINC T-LIGHT HOLDER STARS SMALL,-29.049999999999997
RED RETROSPOT TISSUE BOX,-29.04
GLASS STAR FROSTED T-LIGHT HOLDER,-29.0
GRAND CHOCOLATECANDLE,-29.0
STORAGE TIN VINTAGE LEAF,-28.900000000000002
ASSORTED COLOUR BIRD ORNAMENT,-28.73
JUMBO BAG TOYS,-28.18
FAIRY TALE COTTAGE NIGHT LIGHT,-28.049999999999997
ROUND CONTAINER SET OF 5 RETROSPOT,-28.049999999999997
PACK OF 12 RED RETROSPOT TISSUES,-27.839999999999996
HAND WARMER RED RETROSPOT,-27.650000000000002
3 TRADITIONAl BISCUIT CUTTERS  SET,-27.300000000000004
3 PIECE SPACEBOY COOKIE CUTTER SET,-27.3
SKULLS  DESIGN  COTTON TOTE BAG,-27.0
IVY HEART WREATH,-27.0
VICTORIAN SEWING BOX SMALL,-26.75
CANDLEHOLDER PINK HANGING HEART,-26.550000000000004
WALL ART ANIMALS AND NATURE,-26.25
ASSORTED EASTER DECORATIONS  BELLS,-26.25
MOTHER'S KITCHEN SPOON REST,-26.25
TOADSTOOL MONEY BOX,-25.75
PINK HAPPY BIRTHDAY BUNTING,-25.650000000000002
BLACK KITCHEN SCALES,-25.5
BLUE PADDED SOFT MOBILE,-25.5
BLACK DIAMANTE EXPANDABLE RING,-25.5
AMETHYST DIAMANTE EXPANDABLE RING,-25.5
AMBER DIAMANTE EXPANDABLE RING,-25.5
KINGS CHOICE BISCUIT TIN,-25.5
ASSORTED TUTTI FRUTTI PEN,-25.419999999999998
AIRLINE BAG VINTAGE TOKYO 78,-25.38
CERAMIC CAKE DESIGN SPOTTED MUG,-25.33
SET OF 20 KIDS COOKIE CUTTERS,-25.200000000000003
NO SINGING METAL SIGN,-25.200000000000003
DOLLY CABINET 2 DRAWERS,-25.0
STRAWBERRY CERAMIC TRINKET POT,-25.0
SET OF 5 MINI GROCERY MAGNETS,-24.96
DRAWER KNOB VINTAGE GLASS STAR,-24.96
MISTLETOE HEART WREATH CREAM,-24.9
SET OF 12 FAIRY CAKE BAKING CASES,-24.9
GREEN METAL BOX ARMY SUPPLIES,-24.75
VINTAGE CHRISTMAS BUNTING,-24.75
JARDIN ETCHED GLASS FRUITBOWL,-24.75
SMALL SQUARE CUT GLASS CANDLESTICK,-24.75
6 RIBBONS RUSTIC CHARM,-24.75
DRAWER KNOB CRACKLE GLAZE GREEN,-24.75
SILVER MUG BONE CHINA TREE OF LIFE,-24.459999999999997
RECIPE BOX BLUE SKETCHBOOK DESIGN,-24.15
"KEY FOB , GARAGE DESIGN",-24.05
SET OF 3 COLOURED  FLYING DUCKS,-24.05
WALL MIRROR RECTANGLE DIAMANTE PINK,-23.85
SWEETHEART WIRE MAGAZINE RACK,-23.85
WALL ART DOG LICENCE,-23.8
WALL ART VILLAGE SHOW,-23.8
BLUE GIANT GARDEN THERMOMETER,-23.8
LOVE HOT WATER BOTTLE,-23.8
BIRDS MOBILE VINTAGE DESIGN,-23.8
GLASS APOTHECARY BOTTLE PERFUME,-23.7
MEASURING TAPE BABUSHKA RED,-23.6
HEART GARLAND RUSTIC PADDED,-23.6
MAGIC GARDEN FELT GARLAND,-23.4
PACK 3 BOXES CHRISTMAS PANNETONE,-23.4
ENCHANTED BIRD COATHANGER 5 HOOK,-23.25
BISCUIT TIN VINTAGE CHRISTMAS,-23.12
CHILDRENS DOLLY GIRL MUG,-23.099999999999998
QUEENS GUARD COFFEE MUG,-22.95
SNOWSTORM PHOTO FRAME FRIDGE MAGNET,-22.95
STOOL HOME SWEET HOME,-22.9
JUMBO BAG DOILEY PATTERNS,-22.880000000000003
EDWARDIAN PARASOL BLACK,-22.8
DINOSAUR KEYRINGS ASSORTED,-22.68
CHILDRENS CUTLERY RETROSPOT RED,-22.5
GLITTER HEART GARLAND WITH BELLS,-22.5
WALL ART TREASURE AHOY,-22.5
WALL ART HORSE & PONY,-22.5
VINTAGE DONKEY TAIL GAME,-22.5
WALL ART BUFFALO BILL,-22.5
LARGE ANTIQUE WHITE PHOTO FRAME,-22.450000000000003
PACK OF 6 LARGE FRUIT STRAWS,-22.32
SET 6 SCHOOL MILK BOTTLES IN CRATE,-22.14
SET OF 60 I LOVE LONDON CAKE CASES,-22.0
RED RETROSPOT PLATE,-21.97
FRENCH STYLE EMBOSSED HEART CABINET,-21.95
CLASSIC CAFE SUGAR DISPENSER,-21.87
DRAWER KNOB CRACKLE GLAZE IVORY,-21.449999999999996
RUSTIC STRAWBERRY JAM POT SMALL,-21.449999999999996
RED RETROSPOT SUGAR JAM BOWL,-21.15
RED RETROSPOT CUP,-21.119999999999997
TRAVEL CARD WALLET UNION JACK,-21.0
WRAP CHRISTMAS VILLAGE,-21.0
RED RETROSPOT WRAP,-21.0
CHARLOTTE BAG APPLES DESIGN,-20.99
SET 3 SONG BIRD PAPER EGGS ASSORTED,-20.650000000000002
FELTCRAFT DOLL EMILY,-20.650000000000002
OFFICE MUG WARMER BLACK+SILVER,-20.650000000000002
COFFEE MUG CAT + BIRD DESIGN,-20.4
BLUE  TILE HOOK,-20.4
HOME GARLAND PAINTED ZINC,-20.4
RAIN PONCHO RETROSPOT,-20.4
VINTAGE CHRISTMAS STOCKING,-20.4
SMALL HEART MEASURING SPOONS,-20.4
PANTRY MAGNETIC  SHOPPING LIST,-20.299999999999997
RETROSPOT CANDLE  SMALL,-20.28
BISCUIT TIN VINTAGE GREEN,-20.25
BUFFALO BILL TREASURE BOOK BOX,-20.25
PINK DOUGHNUT TRINKET POT,-20.25
ASSORTED CREEPY CRAWLIES,-20.16
WHITE HEART CONFETTI IN TUBE,-20.16
PINK  HEART CONFETTI IN TUBE,-20.16
TRAVEL CARD WALLET FLOWER MEADOW,-20.16
TRAVEL CARD WALLET SUKI,-20.16
CERAMIC STRAWBERRY CAKE MONEY BANK,-20.15
SILK PURSE BABUSHKA PINK,-20.1
CLEAR DRAWER KNOB ACRYLIC EDWARDIAN,-20.0
SPACEBOY CHILDRENS CUP,-20.0
36 PENCILS TUBE SKULLS,-20.0
ROSE FOLKART HEART DECORATIONS,-20.0
SET 36 COLOUR PENCILS DOLLY GIRL,-20.0
VINTAGE BEAD PINK PURSE,-19.919999999999998
KEY CABINET MA CAMPAGNE,-19.9
CHUNKY SILVER NECKLACE PASTEL FLOWE,-19.9
FOOT STOOL HOME SWEET HOME,-19.9
GREEN CHRISTMAS TREE STRING 20LIGHT,-19.8
PLASTERS IN TIN VINTAGE PAISLEY,-19.799999999999997
GARDEN METAL SIGN,-19.799999999999997
HI TEC ALPINE HAND WARMER,-19.799999999999997
VINTAGE BEAD PINK SCARF,-19.799999999999997
DAISY HAIR BAND,-19.799999999999997
HEART FILIGREE DOVE LARGE,-19.799999999999997
CITRONELLA CANDLE FLOWERPOT,-19.75
HEART CALCULATOR,-19.43
SET OF 4 PISTACHIO LOVEBIRD COASTER,-18.96
FOLKART HEART NAPKIN RINGS,-18.96
CHRISTMAS CRAFT TREE TOP ANGEL,-18.900000000000002
VINTAGE CHRISTMAS GIFT BAG LARGE,-18.75
MILK PAN BLUE POLKADOT,-18.75
RETRO COFFEE MUGS ASSORTED,-18.75
HOME SWEET HOME CUSHION COVER,-18.75
FRENCH ENAMEL WATER BASIN,-18.75
CHILDRENS CUTLERY POLKADOT BLUE,-18.75
ANTIQUE SILVER TEA GLASS ENGRAVED,-18.75
SET OF 4 ENGLISH ROSE PLACEMATS,-18.75
HOT WATER BOTTLE I AM SO POORLY,-18.6
HANGING HEART ZINC T-LIGHT HOLDER,-18.5
BOTTLE BAG RETROSPOT,-18.45
HAPPY EASTER HANGING DECORATION,-18.39
VINYL RECORD FRAME SILVER,-18.39
REINDEER HEART DECORATION SILVER,-18.259999999999998
WHITE BEADED GARLAND STRING 20LIGHT,-18.25
LUNCH BAG DOLLY GIRL DESIGN,-18.15
5 HOOK HANGER RED MAGIC TOADSTOOL,-18.15
GYMKHANA TREASURE BOOK BOX,-18.0
DOCTOR'S BAG SOFT TOY,-17.9
VINTAGE UNION JACK DOORSTOP,-17.85
FLAG OF ST GEORGE CHAIR,-17.85
WASH BAG VINTAGE ROSE PAISLEY,-17.849999999999998
COFFEE MUG PEARS  DESIGN,-17.849999999999998
COFFEE MUG DOG + BALL DESIGN,-17.849999999999998
HOME SWEET HOME METAL SIGN,-17.700000000000003
DROP DIAMANTE EARRINGS GREEN,-17.700000000000003
DROP DIAMANTE EARRINGS CRYSTAL,-17.700000000000003
VINTAGE NOTEBOOK TRAVELOGUE,-17.700000000000003
DROP DIAMANTE EARRINGS PURPLE,-17.700000000000003
IVORY PILLAR CANDLE SILVER FLOCK,-17.700000000000003
BLACK 3 BEAD DROP EARRINGS,-17.700000000000003
PINK ENAMEL FLOWER HAIR TIE,-17.700000000000003
BLACK ENAMEL FLOWER RING,-17.700000000000003
RED ENAMEL FLOWER RING,-17.700000000000003
PURPLE ENAMEL FLOWER HAIR TIE,-17.700000000000003
METAL SIGN TAKE IT OR LEAVE IT,-17.700000000000003
GREEN ENAMEL FLOWER HAIR TIE,-17.700000000000003
PAPER CHAIN KIT LONDON,-17.700000000000003
MAKE YOUR OWN FLOWERPOWER CARD KIT,-17.700000000000003
AMBER DROP EARRINGS W LONG BEADS,-17.700000000000003
SET OF 2 TEA TOWELS APPLE AND PEARS,-17.700000000000003
WHITE ENAMEL FLOWER HAIR TIE,-17.700000000000003
CLASSIC DIAMANTE EARRINGS JET,-17.700000000000003
MAKE YOUR OWN MONSOON CARD KIT,-17.700000000000003
2 DAISIES HAIR COMB,-17.700000000000003
CAROUSEL DESIGN WASHBAG,-17.55
CHOCOLATE BOX RIBBONS,-17.5
36 DOILIES DOLLY GIRL,-17.4
CLASSIC CHROME BICYCLE BELL,-17.4
SET OF 36 TEATIME PAPER DOILIES,-17.4
GLASS BON BON JAR,-17.4
SET OF 2 CERAMIC CHRISTMAS REINDEER,-17.4
NOEL GARLAND PAINTED ZINC,-17.4
PARTY METAL SIGN,-17.4
SINGLE WIRE HOOK IVORY HEART,-17.4
EMBROIDERED RIBBON REEL RACHEL,-17.34
METAL SIGN DROP YOUR PANTS,-17.34
NEW BAROQUE B'FLY NECKLACE RED,-17.0
FRYING PAN RED RETROSPOT,-17.0
SET/3 VANILLA SCENTED CANDLE IN BOX,-17.0
SWEETHEART CARRY-ALL BASKET,-17.0
CAKE STAND VICTORIAN FILIGREE LARGE,-17.0
TALL ROCOCO CANDLE HOLDER,-17.0
CIRCUS PARADE BABY GIFT SET,-16.95
SILVER CHRISTMAS TREE BAUBLE STAND,-16.95
RECYCLING BAG RETROSPOT,-16.900000000000002
BLUE POLKADOT PLATE,-16.9
36 FOIL HEART CAKE CASES,-16.8
SWEETHEART BIRD HOUSE,-16.6
CARD HOLDER LOVE BIRD SMALL,-16.6
ICE CREAM BUBBLES,-16.599999999999998
RED RETROSPOT APRON,-16.55
LUNCH BAG PAISLEY PARK,-16.5
DOORMAT FAIRY CAKE,-16.5
RIBBON REEL FLORA + FAUNA,-16.5
WALL ART 70'S ALPHABET,-16.5
RIBBON REEL MAKING SNOWMEN,-16.5
RIBBON REEL STRIPES DESIGN,-16.5
RIBBON REEL POLKADOTS,-16.5
RECYCLED ACAPULCO MAT RED,-16.5
LUNCH BAG VINTAGE LEAF DESIGN,-16.5
RIBBON REEL CHRISTMAS SOCK BAUBLE,-16.5
SKULL SHOULDER BAG,-16.5
FRENCH STYLE STORAGE JAR BONBONS,-16.49
HOT BATHS METAL SIGN,-16.42
BLUE HAPPY BIRTHDAY BUNTING,-16.35
FRENCH BLUE METAL DOOR SIGN 9,-16.25
BLUE DRAWER KNOB ACRYLIC EDWARDIAN,-16.25
BIRDHOUSE DECORATION MAGIC GARDEN,-16.25
BOUDOIR SQUARE TISSUE BOX,-16.07
PACK OF 60 MUSHROOM CAKE CASES,-15.950000000000001
DOORMAT ENGLISH ROSE,-15.9
DOORMAT WELCOME PUPPIES,-15.9
DOORMAT NEW ENGLAND,-15.9
GROW YOUR OWN FLOWERS SET OF 3,-15.9
DOORMAT HOME SWEET HOME BLUE,-15.9
GLASS APOTHECARY BOTTLE TONIC,-15.8
CHARLOTTE BAG VINTAGE ALPHABET,-15.3
NECKLACE+BRACELET PINK BUTTERFLY,-15.299999999999999
PINK DAISY BAG CHARM,-15.299999999999999
PAIR OF PINK FLOWER CLUSTER SLIDE,-15.299999999999999
DAISY HAIR COMB,-15.299999999999999
WHITE FRANGIPANI NECKLACE,-15.299999999999999
PARTY PIZZA DISH RED RETROSPOT,-15.299999999999999
BUTTERFLY HAIR BAND,-15.299999999999999
PARTY PIZZA DISH BLUE POLKADOT,-15.299999999999999
PEG BAG APPLES DESIGN,-15.299999999999999
STRIPES DESIGN TEDDY,-15.299999999999999
STRAWBERRY LUNCH BOX WITH CUTLERY,-15.299999999999999
FRENCH ENAMEL CANDLEHOLDER,-15.16
SET OF 6 HALLOWEEN GHOST T-LIGHTS,-15.12
ROLL WRAP 50'S CHRISTMAS,-15.0
ROSE COLOUR PAIR HEART HAIR SLIDES,-15.0
BOHEMIAN COLLAGE STATIONERY SET,-15.0
TRADITIONAL CHRISTMAS RIBBONS,-15.0
EDWARDIAN DROP EARRINGS JET BLACK,-15.0
ROLL WRAP VINTAGE CHRISTMAS,-15.0
LE JARDIN BOTANIQUE CUSHION COVER,-15.0
CRYSTAL PAIR HEART HAIR SLIDES,-15.0
FRENCH GARDEN SIGN BLUE METAL,-15.0
FRENCH KITCHEN SIGN BLUE METAL,-15.0
FRYING PAN PINK POLKADOT,-15.0
VINTAGE RED MUG,-15.0
FRENCH TOILET SIGN BLUE METAL,-15.0
ASSORTED TUTTI FRUTTI MIRROR,-15.0
FRENCH BLUE METAL DOOR SIGN No,-15.0
Next Day Carriage,-15.0
REGENCY CAKE FORK,-15.0
MOTORING TISSUE BOX,-15.0
ENAMEL WASH BOWL CREAM,-15.0
FINE WICKER HEART,-15.0
MIDNIGHT BLUE PAIR HEART HAIR SLIDE,-15.0
3 WICK CHRISTMAS BRIAR CANDLE,-15.0
MAGNETS PACK OF 4 CHILDHOOD MEMORY,-15.0
WHITE ROCKING HORSE HAND PAINTED,-15.0
ASS FLORAL PRINT MULTI SCREWDRIVER,-15.0
FLORAL FOLK STATIONERY SET,-15.0
DOORSTOP RETROSPOT HEART,-15.0
IVORY WICKER HEART MEDIUM,-15.0
SET OF 6 SOLDIER SKITTLES,-15.0
SMALL WHITE RETROSPOT MUG IN BOX,-15.0
CHERRY BLOSSOM DECORATIVE FLASK,-15.0
BLACK RECORD COVER FRAME,-15.0
CHILDRENS CUTLERY POLKADOT PINK,-15.0
GREEN PAIR HEART HAIR SLIDES,-15.0
HEART MIRROR ANTIQUE WHITE,-15.0
SPRIG LAVENDER ARTIFICIAL FLOWER,-15.0
STAR WREATH DECORATION WITH BELL,-15.0
TEA TIME TEAPOT IN GIFT BOX,-14.899999999999999
VINTAGE LEAF CHOPPING BOARD,-14.850000000000001
ANTIQUE LILY FAIRY LIGHTS,-14.850000000000001
HOME SMALL WOOD LETTERS,-14.850000000000001
SET/3 DECOUPAGE STACKING TINS,-14.850000000000001
MINI CAKE STAND  HANGING STRAWBERY,-14.849999999999998
STRAWBERRY   PICNIC BAG,-14.75
TOY TIDY SPACEBOY,-14.700000000000001
GREEN CHRISTMAS TREE CARD HOLDER,-14.7
BLUE POLKADOT GARDEN PARASOL,-14.7
VINTAGE CREAM 3 BASKET CAKE STAND,-14.6
OVEN MITT APPLES DESIGN,-14.5
TEA PARTY  WRAPPING PAPER,-14.28
ORANGE VOTIVE CANDLE,-13.919999999999998
SILVER FISHING GNOME,-13.9
ENAMEL FIRE BUCKET CREAM,-13.9
36 PENCILS TUBE WOODLAND,-13.75
FRENCH BLUE METAL DOOR SIGN 3,-13.75
FRENCH BLUE METAL DOOR SIGN 6,-13.75
CRYSTAL STUD EARRINGS ASSORTED COL,-13.68
CRYSTAL STUD EARRINGS CLEAR DISPLAY,-13.68
3 HOOK HANGER MAGIC GARDEN,-13.65
YELLOW EASTER EGG HUNT START POST,-13.65
CHRISTMAS RETROSPOT STAR WOOD,-13.6
12 PENCILS TALL TUBE WOODLAND,-13.6
BABUSHKA LIGHTS STRING OF 10,-13.5
PHARMACIE FIRST AID TIN,-13.5
CINAMMON & ORANGE WREATH,-13.5
SAVE THE PLANET COTTON TOTE BAG,-13.5
SMALL PINK GLASS SUNDAE DISH,-13.44
PAIR OF ENAMEL BUTTERFLY HAIRCLIP,-13.4
PACK OF 60 SPACEBOY CAKE CASES,-13.200000000000001
PACK OF 60 DINOSAUR CAKE CASES,-13.200000000000001
60 CAKE CASES DOLLY GIRL DESIGN,-13.200000000000001
SET 40 HEART SHAPE PETIT FOUR CASES,-13.2
GLASS CHALICE BLUE SMALL,-13.2
RED SPOT PAPER GIFT BAG,-13.12
12 COLOURED PARTY BALLOONS,-13.0
KNEELING MAT HOUSEWORK  DESIGN,-12.99
AIRLINE BAG VINTAGE JET SET RED,-12.75
CARNIVAL BRACELET,-12.75
DANISH ROSE ROUND SEWING BOX,-12.75
SET OF 16 VINTAGE PISTACHIO CUTLERY,-12.75
CABIN BAG VINTAGE PAISLEY,-12.75
DISCO BALL ROTATOR BATTERY OPERATED,-12.75
GLAMOROUS  MUG,-12.72
JIGSAW TREE WITH WATERING CAN,-12.68
POPPY'S PLAYHOUSE BATHROOM,-12.600000000000001
TOY TIDY PINK POLKADOT,-12.600000000000001
PURPLE ENAMEL+GLASS HAIR COMB,-12.600000000000001
APOTHECARY MEASURING JAR,-12.5
FRENCH BLUE METAL DOOR SIGN 1,-12.5
RED RETROSPOT BOWL,-12.5
FRENCH BLUE METAL DOOR SIGN 5,-12.5
FRENCH BLUE METAL DOOR SIGN 2,-12.5
FRENCH BLUE METAL DOOR SIGN 0,-12.5
TEA TIME OVEN GLOVE,-12.5
LE GRAND TRAY CHIC SET,-12.5
FRENCH BLUE METAL DOOR SIGN 4,-12.5
FRENCH BLUE METAL DOOR SIGN 8,-12.5
FRENCH BLUE METAL DOOR SIGN 7,-12.5
EMBOSSED HEART TRINKET BOX,-12.48
EGG FRYING PAN IVORY,-12.48
EGG FRYING PAN RED,-12.48
EMBROIDERED RIBBON REEL SUSIE,-12.48
EMBROIDERED RIBBON REEL SALLY,-12.48
PHOTO FRAME LINEN AND LACE SMALL,-12.48
STORAGE TIN HOME SWEET HOME,-12.450000000000001
SAVE THE PLANET MUG,-12.31
SET OF 4 KNICK KNACK TINS LONDON,-12.05
SET OF 4 KNICK KNACK TINS DOILEY,-12.05
LARGE PINK GLASS SUNDAE DISH,-12.0
RED RETROSPOT UMBRELLA,-11.9
BLUE POLKADOT CUP,-11.899999999999999
WOODLAND STORAGE BOX LARGE,-11.8
CERAMIC BOWL WITH STRAWBERRY DESIGN,-11.8
TRAVEL CARD WALLET TRANSPORT,-11.76
STAR DECORATION PAINTED ZINC,-11.700000000000001
ROUND STORAGE TIN VINTAGE LEAF,-11.7
WHITE GOOSE FEATHER TREE 60CM,-11.7
METAL MERRY CHRISTMAS WREATH,-11.7
WATERING CAN BLUE ELEPHANT,-11.7
WATERING CAN PINK BUNNY,-11.7
SMALL CERAMIC TOP STORAGE JAR,-11.62
CHERUB HEART DECORATION GOLD,-11.62
WOOD STAMP SET THANK YOU,-11.61
POLYESTER FILLER PAD 40x40cm,-11.6
SMALL IVORY HEART WALL ORGANISER,-11.5
TRAVEL CARD WALLET RETROSPOT,-11.34
DOLLY GIRL CHILDRENS BOWL,-11.25
FRAPPUCINO SCARF KNITTING KIT,-11.25
DOLLY GIRL CHILDRENS CUP,-11.25
VINTAGE RED ENAMEL TRIM JUG,-11.25
BELLE JARDINIERE CUSHION COVER,-11.25
POTTING SHED TEA MUG,-11.25
BLUE CHENILLE SHAGGY CUSHION COVER,-11.05
SWEETHEART RECIPE BOOK STAND,-10.95
"TRAY, BREAKFAST IN BED",-10.95
TRAVEL CARD WALLET PANTRY,-10.92
BROCANTE SHELF WITH HOOKS,-10.75
RETRO PLASTIC POLKA TRAY,-10.62
WRAP GREEN PEARS,-10.5
CARD DOLLY GIRL,-10.5
WRAP VINTAGE PETALS  DESIGN,-10.5
HEART SHAPE WIRELESS DOORBELL,-10.5
WRAP CHRISTMAS SCREEN PRINT,-10.5
WRAP SUKI AND FRIENDS,-10.5
WRAP ALPHABET DESIGN,-10.5
WRAP DOLLY GIRL,-10.5
WRAP ENGLISH ROSE,-10.5
WRAP COWBOYS,-10.5
WRAP RED APPLES,-10.5
WHITE SAGE INCENSE,-10.5
BIRTHDAY BANQUET GIFT WRAP,-10.5
BLUE POLKADOT WRAP,-10.5
BLUE BLOSSOM HAIR CLIP,-10.5
PINK PAISLEY ROSE GIFT WRAP,-10.5
SKULLS AND CROSSBONES WRAP,-10.5
TREASURE TIN GYMKHANA DESIGN,-10.4
SET 12 COLOUR PENCILS SPACEBOY,-10.4
POTTERING MUG,-10.35
ZINC WILLIE WINKIE  CANDLE STICK,-10.2
PARTY INVITES WOODLAND,-10.2
PARTY INVITES DINOSAURS,-10.2
FRIDGE MAGNETS US DINER ASSORTED,-10.2
SET/20 RED RETROSPOT PAPER NAPKINS,-10.2
PACK OF 12 COLOURED PENCILS,-10.2
DANISH ROSE DELUXE COASTER,-10.2
RETRO PLASTIC DAISY TRAY,-10.2
FRENCH LATTICE CUSHION COVER,-10.2
FRENCH FLORAL CUSHION COVER,-10.2
LOVEBIRD HANGING DECORATION WHITE,-10.2
RETRO MOD TRAY,-10.2
PAPERWEIGHT VINTAGE COLLAGE,-10.2
CAMOUFLAGE LED TORCH,-10.139999999999999
GIN & TONIC DIET GREETING CARD,-10.08
SET 12 RETRO WHITE CHALK STICKS,-10.08
4 TRADITIONAL SPINNING TOPS,-10.0
BLUE POLKADOT BOWL,-10.0
SET OF 6 TEA TIME BAKING CASES,-10.0
SPACEBOY CHILDRENS BOWL,-10.0
CHRISTMAS TREE HANGING GOLD,-9.959999999999999
6 GIFT TAGS 50'S CHRISTMAS,-9.959999999999999
ENAMEL BLUE RIM COFFEE CONTAINER,-9.959999999999999
FRENCH PAISLEY CUSHION COVER,-9.959999999999999
CHERUB HEART DECORATION SILVER,-9.959999999999999
6 GIFT TAGS VINTAGE CHRISTMAS,-9.959999999999999
WOOD STAMP SET HAPPY BIRTHDAY,-9.959999999999999
SWEET HEART CAKE CARRIER,-9.95
CAKE STAND LOVEBIRD 2 TIER PINK,-9.95
WOODEN ROUNDERS GARDEN SET,-9.95
VINTAGE UNION JACK MEMOBOARD,-9.95
RED REFECTORY CLOCK,-9.95
GUMBALL MONOCHROME COAT RACK,-9.92
"SET 3 RETROSPOT TEA,COFFEE,SUGAR",-9.9
APRON APPLE DELIGHT,-9.9
ENAMEL WATERING CAN CREAM,-9.9
MEMO BOARD COTTAGE DESIGN,-9.9
DAIRY MAID LARGE MILK JUG,-9.9
PANTRY CHOPPING BOARD,-9.9
JADE DROP EARRINGS W FILIGREE,-9.9
EASTER TIN CHICKS PINK DAISY,-9.899999999999999
DIAMANTE HAIR GRIP PACK/2 LT ROSE,-9.899999999999999
DIAMANTE HAIR GRIP PACK/2 CRYSTAL,-9.899999999999999
DIAMANTE HAIR GRIP PACK/2 BLACK DIA,-9.899999999999999
EASTER TIN BUNNY BOUQUET,-9.899999999999999
DIAMANTE HAIR GRIP PACK/2 PERIDOT,-9.899999999999999
DIAMANTE HAIR GRIP PACK/2 RUBY,-9.899999999999999
DIAMANTE HAIR GRIP PACK/2 MONTANA,-9.899999999999999
GLASS HEART T-LIGHT HOLDER,-9.780000000000001
FIRST AID TIN,-9.75
WHITE BAMBOO RIBS LAMPSHADE,-9.6
MOODY GIRL DOOR HANGER,-9.36
PACK OF 12 VINTAGE DOILY TISSUES,-9.36
SET/6 COLLAGE PAPER PLATES,-9.36
POLKADOT RAIN HAT,-9.24
FRENCH STYLE STORAGE JAR CAFE,-9.24
MEMO BOARD RETROSPOT  DESIGN,-9.2
TOILET SIGN OCCUPIED OR VACANT,-9.129999999999999
MIRRORED WALL ART SNOWFLAKES,-9.0
FLOOR CUSHION ELEPHANT CARNIVAL,-8.95
CERAMIC PLATE STRAWBERRY DESIGN,-8.94
PINK NEW BAROQUECANDLESTICK CANDLE,-8.850000000000001
BLACK AND WHITE DOG BOWL,-8.850000000000001
GLASS JAR MARMALADE,-8.850000000000001
ANTIQUE SILVER TEA GLASS ETCHED,-8.75
EMPIRE TISSUE BOX,-8.75
DRAWER KNOB CERAMIC BLACK,-8.7
SET OF 36 DOILIES PANTRY DESIGN,-8.7
JAM CLOCK MAGNET,-8.67
PIECE OF CAMO STATIONERY SET,-8.64
SPOTTY PINK DUCK DOORSTOP,-8.5
FRYING PAN BLUE POLKADOT,-8.5
MUSICAL ZINC HEART DECORATION,-8.5
HOT WATER BOTTLE TEA AND SYMPATHY,-8.5
MINT DINER WALL CLOCK,-8.5
PACK OF 6 SKULL PAPER CUPS,-8.450000000000001
LONDON BUS COFFEE MUG,-8.4
POPPY'S PLAYHOUSE KITCHEN,-8.4
MEDIUM PARLOUR PICTURE FRAME,-8.3
BULL DOG BOTTLE TOP WALL CLOCK,-8.25
RECYCLED ACAPULCO MAT BLUE,-8.25
SMALL DECO JEWELLERY STAND,-8.25
LARGE IVORY HEART WALL ORGANISER,-8.25
WALL ART MID CENTURY MODERN,-8.25
HOME SWEET HOME HOOK,-8.25
CERAMIC CAKE DESIGN SPOTTED PLATE,-7.98
DOORMAT NEIGHBOURHOOD WITCH,-7.95
BLUE DRAGONFLY HELICOPTER,-7.95
NEW BAROQUE JEWELLERY BOX,-7.95
DOORMAT BLACK FLOCK,-7.95
VICTORIAN SEWING BOX MEDIUM,-7.95
CREAM SWEETHEART SHELF + HOOKS,-7.95
GROW YOUR OWN HERBS SET OF 3,-7.95
CLASSIC FRENCH STYLE BASKET NATURAL,-7.9
3 RAFFIA RIBBONS 50'S CHRISTMAS,-7.9
RELAX LARGE WOOD LETTERS,-7.9
YULETIDE IMAGES GIFT WRAP SET,-7.800000000000001
CURIOUS IMAGES GIFT WRAP SET,-7.800000000000001
FAIRY TALE COTTAGE NIGHTLIGHT,-7.8
VINTAGE DOILY TRAVEL SEWING KIT,-7.8
BLUE SCOTTIE DOG W FLOWER PATTERN,-7.6499999999999995
CACTI T-LIGHT CANDLES,-7.56
PACKING CHARGE,-7.5
LETTER HOLDER HOME SWEET HOME,-7.5
BEADED PEARL HEART WHITE ON STICK,-7.5
RED RETROSPOT STORAGE JAR,-7.5
DIAMANTE NECKLACE PURPLE,-7.5
CLASSIC DIAMANTE NECKLACE JET,-7.5
POLKA DOT RAFFIA FOOD COVER,-7.5
STRAWBERRY RAFFIA FOOD COVER,-7.5
BIRDCAGE DECORATION TEALIGHT HOLDER,-7.5
GREEN POLKADOT BOWL,-7.5
FILIGREE HEART BUTTERFLY WHITE,-7.5
SMALL PARISIENNE HEART PHOTO FRAME,-7.470000000000001
CERAMIC STRAWBERRY DESIGN MUG,-7.45
DECORATION SITTING BUNNY,-7.41
SET/4 DAISY MIRROR MAGNETS,-7.32
SET OF 72 GREEN PAPER DOILIES,-7.25
PANTRY APPLE CORER,-7.25
PSYCHEDELIC TILE COASTER,-6.959999999999999
12 PENCILS TALL TUBE POSY,-6.959999999999999
PACK OF 12 BLUE PAISLEY TISSUES,-6.959999999999999
PACK OF 12 PINK PAISLEY TISSUES,-6.959999999999999
PEACE WOODEN BLOCK LETTERS,-6.95
AFGHAN SLIPPER SOCK PAIR,-6.9
ASSTD FRUIT+FLOWERS FRIDGE MAGNETS,-6.790000000000001
ASSTD DESIGN RACING CAR PEN,-6.76
PEACE SMALL WOOD LETTERS,-6.75
SET OF 6 SNACK LOAF BAKING CASES,-6.64
CLEAR MILKSHAKE GLASS,-6.6
PINK POLKADOT CHILDRENS UMBRELLA,-6.5
VINTAGE BILLBOARD DRINK ME MUG,-6.36
BLUE WIRE SPIRAL CANDLE HOLDER,-6.35
WOODLAND STORAGE BOX SMALL,-6.300000000000001
PINK ENAMEL+GLASS HAIR COMB,-6.300000000000001
GLITTER HANGING BUTTERFLY STRING,-6.300000000000001
ANTIQUE ALL GLASS CANDLESTICK,-6.300000000000001
AREA PATROLLED METAL SIGN,-6.300000000000001
GINGERBREAD MAN COOKIE CUTTER,-6.25
UNION STRIPE CUSHION COVER,-6.25
RUSTIC MIRROR WITH LACE HEART,-6.25
CHRISTMAS PUDDING TRINKET POT,-6.25
ALPHABET STENCIL CRAFT,-6.25
FLOWERS CHANDELIER T-LIGHT HOLDER,-6.25
HANGING  BUTTERFLY T-LIGHT HOLDER,-6.24
WOODEN UNION JACK BUNTING,-5.95
CREAM WALL PLANTER HEART SHAPED,-5.95
LOVE BUILDING BLOCK WORD,-5.95
YELLOW GIANT GARDEN THERMOMETER,-5.95
CHRISTMAS METAL POSTCARD WITH BELLS,-5.93
OFFICE MUG WARMER CHOC+BLUE,-5.9
BLUE OWL SOFT TOY,-5.9
FRENCH ENAMEL POT W LID,-5.9
PINK DOG BOWL,-5.9
PINK GLASS CANDLEHOLDER,-5.9
S/6 WOODEN SKITTLES IN COTTON BAG,-5.9
OFFICE MUG WARMER POLKADOT,-5.9
WHITE LOVEBIRD LANTERN,-5.9
PINK SMALL GLASS CAKE STAND,-5.85
SCOTTIES DESIGN WASHBAG,-5.85
YOU'RE CONFUSING ME METAL SIGN,-5.8
SINGLE ANTIQUE ROSE HOOK IVORY,-5.8
DOILEY STORAGE TIN,-5.78
BLACK PHOTO ALBUM,-5.55
SWEETHEART KEY CABINET,-5.55
72 SWEETHEART FAIRY CAKE CASES,-5.5
"FEATHER PEN,COAL BLACK",-5.46
CHRISTMAS MUSICAL ZINC TREE,-5.1
PURPLE PAPER PARASOL,-5.1
SWALLOW WOODEN CHRISTMAS DECORATION,-5.1
SKULL LUNCH BOX WITH CUTLERY,-5.1
MEDIUM WHITE/PINK ROSE ART FLOWER,-5.07
PACK OF 12 SPACEBOY TISSUES,-5.069999999999999
ELEPHANT BIRTHDAY CARD,-5.04
SPACEBOY BIRTHDAY CARD,-5.04
PENNY FARTHING BIRTHDAY CARD,-5.04
CARD BILLBOARD FONT,-5.04
CARD CHRISTMAS VILLAGE,-5.04
ASSORTED BOTTLE TOP  MAGNETS,-5.04
VINTAGE KID DOLLY CARD,-5.04
CHRISTMAS CARD SINGING ANGEL,-5.04
ROBIN CHRISTMAS CARD,-5.04
EGG CUP MILKMAID HELGA,-5.0
EIGHT PIECE DINOSAUR SET,-5.0
12 PINK ROSE PEG PLACE SETTINGS,-5.0
CITRONELLA CANDLE GARDEN POT,-5.0
BLUE/CREAM STRIPE CUSHION COVER,-5.0
PIG KEYRING WITH LIGHT & SOUND,-5.0
LARGE BONNE JAM JAR  T-LIGHT HOLDER,-4.98
CERAMIC BOWL WITH LOVE HEART DESIGN,-4.9799999999999995
COCKTAIL SWORDS 50 PIECES,-4.9799999999999995
BULL DOG BOTTLE OPENER,-4.95
BEADED CHANDELIER T-LIGHT HOLDER,-4.95
RED RETROSPOT BIG BOWL,-4.95
FLAMINGO LIGHTS,-4.95
TRELLIS COAT RACK,-4.95
POPPY FIELDS CHOPPING BOARD,-4.95
CREAM SWEETHEART EGG HOLDER,-4.95
S/4 CACTI CANDLES,-4.95
SMALL GLASS SUNDAE DISH CLEAR,-4.949999999999999
DECORATIVE WICKER HEART LARGE,-4.949999999999999
S/4 PINK FLOWER CANDLES IN BOWL,-4.949999999999999
JUMBO BAG SCANDINAVIAN PAISLEY,-4.949999999999999
HENRIETTA HEN MUG,-4.949999999999999
HANGING CLEAR MINI BOTTLE,-4.720000000000001
PACK OF 12 LONDON TISSUES,-4.68
"FEATHER PEN,LIGHT PINK",-4.68
PACK OF 12 CIRCUS PARADE TISSUES,-4.68
DECORATION WOBBLY CHICKEN,-4.68
CREAM SWEETHEART LETTER RACK,-4.65
SET/6 COLLAGE PAPER CUPS,-4.5600000000000005
ASSORTED TUTTI FRUTTI BRACELET,-4.5600000000000005
HEART DECORATION RUSTIC HANGING,-4.5600000000000005
PINK POODLE HANGING DECORATION,-4.5600000000000005
TREASURE ISLAND BOOK BOX,-4.5
LOLITA  DESIGN  COTTON TOTE BAG,-4.5
ROSE SCENT CANDLE IN JEWELLED BOX,-4.25
BOX OF 6 ASSORTED COLOUR TEASPOONS,-4.25
AIRLINE BAG VINTAGE WORLD CHAMPION,-4.25
SILVER M.O.P ORBIT DROP EARRINGS,-4.25
"HOOK, 1 HANGER ,MAGIC GARDEN",-4.25
SILVER BLACK ORBIT DROP EARRINGS,-4.25
FRIDGE MAGNETS LES ENFANTS ASSORTED,-4.25
SET/3 ROSE CANDLE IN JEWELLED BOX,-4.25
DOG BOWL VINTAGE CREAM,-4.25
COLOURING PENCILS BROWN TUBE,-4.2
GROW YOUR OWN BASIL IN ENAMEL MUG,-4.2
LARGE RED RETROSPOT WINDMILL,-4.2
SKULLS STORAGE BOX SMALL,-4.2
CHILDS GARDEN SPADE PINK,-4.2
CHRISTMAS CRAFT LITTLE FRIENDS,-4.2
JUMBO STORAGE BAG SKULLS,-4.16
CERAMIC HEART FAIRY CAKE MONEY BANK,-4.15
SET OF 6 HERB TINS SKETCHBOOK,-3.95
SET OF 4 DIAMOND NAPKIN RINGS,-3.95
ANT WHITE WIRE HEART SPIRAL,-3.95
BLACK HEART CARD HOLDER,-3.95
CREAM HEART CARD HOLDER,-3.95
RED POLKADOT BEAKER,-3.9
SET OF 3 GOLD FLYING DUCKS,-3.9
ANTIQUE GLASS HEART DECORATION,-3.9
MINI CAKE STAND T-LIGHT HOLDER,-3.7800000000000002
FAIRY CAKE DESIGN UMBRELLA,-3.75
PINK FLORAL FELTCRAFT SHOULDER BAG,-3.75
CHRISTMAS TOILET ROLL,-3.75
MIDNIGHT GLAMOUR SCARF KNITTING KIT,-3.75
ANTIQUE TALL SWIRLGLASS TRINKET POT,-3.75
VINTAGE SEASIDE JIGSAW PUZZLES,-3.75
HOLIDAY FUN LUDO,-3.75
CARDHOLDER HOLLY WREATH METAL,-3.75
BEACH HUT KEY CABINET,-3.75
DOG BOWL CHASING BALL DESIGN,-3.75
MILK PAN RED RETROSPOT,-3.75
FLOWER VINE RAFFIA FOOD COVER,-3.75
SCANDINAVIAN REDS RIBBONS,-3.75
20 DOLLY PEGS RETROSPOT,-3.75
3 GARDENIA MORRIS BOXED CANDLES,-3.75
PORCELAIN ROSE SMALL,-3.4
CARD I LOVE LONDON,-3.36
SILK PURSE BABUSHKA BLUE,-3.35
WOODLAND PARTY BAG + STICKER SET,-3.3
DRAWER KNOB CRACKLE GLAZE PINK,-3.3
FRENCH BATHROOM SIGN BLUE METAL,-3.3
IVORY ENCHANTED FOREST PLACEMAT,-3.3
LUNCH BAG DOILEY PATTERN,-3.3
HEART T-LIGHT HOLDER WILLIE WINKIE,-3.3
SET/4 BLUE FLOWER CANDLES IN BOWL,-3.3
RIDGED BONNE JAM JAR T-LIGHT HOLDER,-3.3
LUNCH BAG SUKI  DESIGN,-3.3
DRAWER KNOB CRACKLE GLAZE BLUE,-3.3
SCANDINAVIAN PAISLEY PICNIC BAG,-3.3
GARDENERS KNEELING PAD CUP OF TEA,-3.3
LARGE TORTILLA DESIGN RED BOWL,-3.29
RED RETROSPOT SHOPPER BAG,-3.18
TOILET METAL SIGN,-3.17
BLUE POLKADOT BEAKER,-3.12
PINK POT PLANT CANDLE,-2.95
GLASS JAR KINGS CHOICE,-2.95
PINK  HEART SHAPE LOVE BUCKET,-2.95
FORKED CACTUS CANDLE,-2.95
MEASURING TAPE BABUSHKA BLUE,-2.95
PINK OWL SOFT TOY,-2.95
RED RETROSPOT OVEN GLOVE DOUBLE,-2.95
KINGS CHOICE TEA CADDY,-2.95
FIVE HEART HANGING DECORATION,-2.95
MEASURING TAPE BABUSHKA PINK,-2.95
CERAMIC CHERRY CAKE MONEY BANK,-2.9
CERAMIC PIRATE CHEST MONEY BANK,-2.9
SET OF 12 FORK CANDLES,-2.89
HOUSE SHAPE PENCIL SHARPENER,-2.88
HANGING JAM JAR T-LIGHT HOLDERS,-2.55
CLASSICAL ROSE SMALL VASE,-2.55
ILLUSTRATED CAT BOWL,-2.55
SET OF 4 NAPKIN CHARMS CROWNS,-2.55
CAMOUFLAGE DESIGN TEDDY,-2.55
RED PAPER PARASOL,-2.55
PINK LARGE JEWELED PHOTOFRAME,-2.55
COFFEE MUG PINK PAISLEY DESIGN,-2.55
WHITE TRAVEL ALARM CLOCK,-2.55
EAU DE NILE JEWELLED PHOTOFRAME,-2.55
RETROSPOT GIANT TUBE MATCHES,-2.55
PACK OF 6 HANDBAG GIFT BOXES,-2.55
GARDEN PATH JOURNAL,-2.55
LIPSTICK PEN RED,-2.52
VINTAGE GOLD TINSEL REEL,-2.52
RED/CREAM STRIPE CUSHION COVER,-2.5
SMALL RED RETROSPOT WINDMILL,-2.5
SMALL WHITE/PINK ROSE ART FLOWER,-2.5
IVORY SWEETHEART SOAP DISH,-2.49
BLACK CHAMPAGNE GLASS,-2.4299999999999997
DAIRY MAID TOASTRACK,-2.37
GRASS HOPPER WOODEN WALL CLOCK,-2.37
SILVER PHOTO FRAME,-2.1
FUNKY WASHING UP GLOVES ASSORTED,-2.1
RETROSPOT RED WASHING UP GLOVES,-2.1
HAND WARMER SCOTTY DOG DESIGN,-2.1
NUMBER TILE COTTAGE GARDEN No,-2.1
ASSORTED TUTTI FRUTTI LARGE PURSE,-2.1
CHILDREN'S APRON DOLLY GIRL,-2.1
SET/6 PINK  BUTTERFLY T-LIGHTS,-2.1
LADIES & GENTLEMEN METAL SIGN,-2.1
BLUE POLKADOT WASHING UP GLOVES,-2.1
HOME SWEET HOME BOTTLE,-2.08
LOVE HEART TRINKET POT,-1.9500000000000002
PASTEL COLOUR HONEYCOMB FAN,-1.9500000000000002
PSYCHEDELIC TILE HOOK,-1.9500000000000002
SET 12 COLOUR PENCILS DOLLY GIRL,-1.9500000000000002
NUMBER TILE COTTAGE GARDEN 9,-1.95
CHARLIE + LOLA BISCUITS TINS,-1.95
PINK MONTE CARLO HANDBAG,-1.95
NUMBER TILE COTTAGE GARDEN 1,-1.95
FOOD CONTAINER SET 3 LOVE HEART,-1.95
PINK BUTTERFLY CUSHION COVER,-1.95
HEART MINI PORTRAIT FRAME,-1.95
POTTING SHED TWINE,-1.85
SET/4 BIRD MIRROR MAGNETS,-1.7399999999999998
CHRISTMAS RETROSPOT ANGEL WOOD,-1.7
MULTICOLOUR HONEYCOMB FAN,-1.7
HANGING JAM JAR T-LIGHT HOLDER,-1.7
BAG 250g SWIRLY MARBLES,-1.7
SET/6 PINK BIRD T-LIGHT CANDLES,-1.7
WOOD STOCKING CHRISTMAS SCANDISPOT,-1.7
PAINTED METAL PEARS ASSORTED,-1.69
HOT BATHS SOAP HOLDER,-1.69
TRAVEL CARD WALLET VINTAGE TICKET,-1.68
NATURAL HANGING QUILTED HEARTS,-1.66
BLACK PIRATE TREASURE CHEST,-1.65
BUNDLE OF 3 RETRO NOTE BOOKS,-1.65
EAU DE NILE HEART SHAPE PHOTO FRAME,-1.65
S/4 BLACK MINI ROSE CANDLE IN BOWL,-1.65
GLASS CHALICE GREEN  SMALL,-1.65
STAR T-LIGHT HOLDER WILLIE WINKIE,-1.65
BAG 500g SWIRLY MARBLES,-1.65
BUNDLE OF 3 SCHOOL EXERCISE BOOKS,-1.65
VINTAGE  2 METRE FOLDING RULER,-1.65
TRAVEL SEWING KIT,-1.65
HEN HOUSE DECORATION,-1.65
SUKI  SHOULDER BAG,-1.65
RECTANGULAR SHAPED MIRROR,-1.58
GREEN VINTAGE SPOT BEAKER,-1.5699999999999998
CHARLOTTE BAG DOLLY GIRL DESIGN,-1.5699999999999998
POLYESTER FILLER PAD 45x45cm,-1.55
KIDS RAIN MAC BLUE,-1.5
LOVE HEART SOCK HANGER,-1.45
CHOC TRUFFLE GOLD TRINKET POT,-1.45
PORCELAIN HANGING BELL SMALL,-1.45
WOODEN HEART CHRISTMAS SCANDINAVIAN,-1.45
FRENCH LAUNDRY SIGN BLUE METAL,-1.45
SET OF 72 PINK HEART PAPER DOILIES,-1.45
SKETCHBOOK MAGNETIC SHOPPING LIST,-1.45
WINE BOTTLE DRESSING DARK BLUE,-1.44
12 PENCIL SMALL TUBE WOODLAND,-1.3
SET 12 KIDS COLOUR  CHALK STICKS,-1.26
200 BENDY SKULL STRAWS,-1.25
KINGS CHOICE MUG,-1.25
SET OF 3 WOODEN HEART DECORATIONS,-1.25
SET OF 3 BIRD LIGHT PINK FEATHER,-1.25
LAUNDRY 15C METAL SIGN,-1.25
SET OF 3 WOODEN SLEIGH DECORATIONS,-1.25
GARLAND WOODEN HAPPY EASTER,-1.25
SET OF 4 ENGLISH ROSE COASTERS,-1.25
SALLE DE BAIN HOOK,-1.25
TRADITIONAL WOODEN CATCH CUP GAME,-1.25
RED METAL BEACH SPADE,-1.25
SET 6 FOOTBALL CELEBRATION CANDLES,-1.25
FRENCH WC SIGN BLUE METAL,-1.25
VINTAGE RED ENAMEL TRIM MUG,-1.25
VINTAGE RED TEATIME MUG,-1.25
SPACEBOY CHILDRENS EGG CUP,-1.25
MONEY BOX BISCUITS DESIGN,-1.25
EGG CUP HENRIETTA HEN CREAM,-1.25
EGG CUP HENRIETTA HEN PINK,-1.25
WATERING CAN GARDEN MARKER,-1.25
PINK HEART SHAPE EGG FRYING PAN,-1.25
PINK DRAWER KNOB ACRYLIC EDWARDIAN,-1.25
GROW YOUR OWN PLANT IN A CAN,-1.25
FELT FARM ANIMAL RABBIT,-1.25
CHARLIE & LOLA WASTEPAPER BIN BLUE,-1.25
PLAYING CARDS KEEP CALM & CARRY ON,-1.25
GIN AND TONIC MUG,-1.06
REX CASH+CARRY JUMBO SHOPPER,-0.95
SWEET PUDDING STICKER SHEET,-0.85
KIDS RAIN MAC PINK,-0.85
12 PENCILS TALL TUBE RED RETROSPOT,-0.85
12 PENCILS TALL TUBE SKULLS,-0.85
MOROCCAN TEA GLASS,-0.85
BIRD DECORATION RED RETROSPOT,-0.85
SET 20 NAPKINS FAIRY CAKES DESIGN,-0.85
FRIDGE MAGNETS LA VIE EN ROSE,-0.85
MAGIC TREE -PAPER FLOWERS,-0.85
FELT EGG COSY CHICKEN,-0.85
ROCKING HORSE RED CHRISTMAS,-0.85
MINI  ZINC GARDEN DECORATIONS,-0.85
MAGIC DRAWING SLATE SPACEBOY,-0.84
MINI JIGSAW DINOSAUR,-0.84
BOOZE & WOMEN GREETING CARD,-0.84
PARTY CHARMS 50 PIECES,-0.83
SET OF 12 MINI LOAF BAKING CASES,-0.83
MINIATURE ANTIQUE ROSE HOOK IVORY,-0.83
50'S CHRISTMAS PAPER GIFT BAG,-0.82
GLITTER CHRISTMAS TREE WITH BELLS,-0.79
BLACK MEDIUM GLASS CAKE STAND,-0.79
"KEY FOB , SHED",-0.65
ASSORTED COLOUR T-LIGHT HOLDER,-0.65
LARGE HANGING IVORY & RED WOOD BIRD,-0.65
AGED GLASS SILVER T-LIGHT HOLDER,-0.65
PINK/WHITE CHRISTMAS TREE 60CM,-0.65
FAIRY CAKES NOTEBOOK A6 SIZE,-0.65
ANGEL DECORATION STARS ON DRESS,-0.42
TRAVEL CARD WALLET I LOVE LONDON,-0.42
PLACE SETTING WHITE STAR,-0.42
SWIRLY CIRCULAR RUBBERS IN BAG,-0.42
BAG 125g SWIRLY MARBLES,-0.42
MINI JIGSAW CIRCUS PARADE,-0.42
CANDY HEART HANGING DECORATION,-0.39
BLACK SMALL GLASS CAKE STAND,-0.39
TUMBLER BAROQUE,-0.39
MULTICOLOUR SPRING FLOWER MUG,-0.39
PACK OF 12 SUKI TISSUES,-0.39
HANGING SPRING FLOWER EGG SMALL,-0.19
Sold as 1 on dotcom,0.0
Incorrect stock entry.,0.0
Crushed,0.0
Not rcvd in 10/11/2010 delivery,0.0
Thrown away.,0.0
temp adjustment,0.0
throw away,0.0
thrown away,0.0
water damage,0.0
wrongly sold as sets,0.0
wrongly marked carton 22804,0.0
wrong barcode (22467),0.0
Amazon sold sets,0.0
lost,0.0
incorrect stock entry.,0.0
sold as set on dotcom and amazon,0.0
water damaged,0.0
missing,0.0
mixed up,0.0
mouldy,0.0
check,0.0
can't find,0.0
broken,0.0
reverse 21/5/10 adjustment,0.0
mystery! Only ever imported 1800,0.0
wet damaged,0.0
counted,0.0
code mix up? 84930,0.0
"mouldy, thrown away.",0.0
Thrown away-rusty,0.0
Wrongly mrked had 85123a in box,0.0
Damages/samples,0.0
CHECK,0.0
Dotcom set,0.0
Dotcom sales,0.0
POSSIBLE DAMAGES OR LOST?,0.0
Damaged,0.0
damaged stock,0.0
damages,0.0
WET/MOULDY,0.0
?,0.0
??,0.0
? sold as sets?,0.0
????damages????,0.0
???,0.0
?display?,0.0
historic computer difference?....se,0.0
faulty,0.0
Water damaged,0.0
damages/credits from ASOS.,0.0
damages wax,0.0
?sold as sets?,0.0
?missing,0.0
wet boxes,0.0
wet,0.0
MIA,0.0
"MERCHANT CHANDLER CREDIT ERROR, STO",0.0
crushed,0.0
crushed boxes,0.0
crushed ctn,0.0
stock check,0.0
damaged,0.0
wrongly coded-23343,0.0
damages/showroom etc,0.0
damages/display,0.0
dotcom,0.0
dotcom sales,0.0
dotcom sold sets,0.0
damages?,0.0
samples,0.0
showroom,0.0
sold as 1,0.0
smashed,0.0
sold as set by dotcom,0.0
sold as set on dotcom,0.0
wrongly sold sets,0.0
